{"cameraMode":{"drawMode":0,"name":"Shaded","section":"Shading Mode"},"sceneLighting":false,"audioPlay":false,"sceneViewState":{"m_AlwaysRefresh":false,"showFog":true,"showSkybox":true,"showFlares":true,"showImageEffects":true,"showParticleSystems":true,"showVisualEffectGraphs":true,"m_FxEnabled":true},"in2DMode":false,"pivot":{"x":-3.4632182121276857,"y":17.791118621826173,"z":7.455619812011719},"rotation":{"x":-0.005769383627921343,"y":0.9873942732810974,"z":-0.15377803146839143,"w":-0.03704465180635452},"size":53.72600555419922,"orthographic":false}