{"cameraMode":{"drawMode":0,"name":"Shaded","section":"Shading Mode"},"sceneLighting":true,"audioPlay":false,"sceneViewState":{"m_AlwaysRefresh":false,"showFog":true,"showSkybox":true,"showFlares":true,"showImageEffects":true,"showParticleSystems":true,"showVisualEffectGraphs":true,"m_FxEnabled":true},"in2DMode":false,"pivot":{"x":-2.9620161056518556,"y":1.950357437133789,"z":1.5876855850219727},"rotation":{"x":-0.10712629556655884,"y":0.7889755368232727,"z":-0.14382198452949525,"w":-0.5876712799072266},"size":10.726975440979004,"orthographic":false}