{"cameraMode":{"drawMode":0,"name":"Shaded","section":"Shading Mode"},"sceneLighting":false,"audioPlay":false,"sceneViewState":{"m_AlwaysRefresh":false,"showFog":true,"showSkybox":true,"showFlares":true,"showImageEffects":true,"showParticleSystems":true,"showVisualEffectGraphs":true,"m_FxEnabled":true},"in2DMode":false,"pivot":{"x":-18.302696228027345,"y":65.49870300292969,"z":-43.296958923339847},"rotation":{"x":-0.0027754681650549175,"y":0.9512218236923218,"z":-0.3083777129650116,"w":-0.008561230264604092},"size":79.65750122070313,"orthographic":false}