{"cameraMode":{"drawMode":0,"name":"Shaded","section":"Shading Mode"},"sceneLighting":true,"audioPlay":false,"sceneViewState":{"m_AlwaysRefresh":false,"showFog":true,"showSkybox":true,"showFlares":true,"showImageEffects":true,"showParticleSystems":true,"showVisualEffectGraphs":true,"m_FxEnabled":true},"in2DMode":false,"pivot":{"x":-7.194352149963379,"y":15.350967407226563,"z":7.021500587463379},"rotation":{"x":-0.0026583841536194088,"y":0.9935610294342041,"z":-0.023850100114941598,"w":-0.11074046790599823},"size":9.401023864746094,"orthographic":false}